{
  "candidates": [
    {
      "bit_counts": {
        "4": 343,
        "8": 154
      },
      "budget_alignment_score": 0.9997993388391325,
      "conservative_prediction": -0.016881057605683845,
      "estimated_average_bit_width": 5.613847963986085,
      "estimated_weight_footprint_gb": 16.744918823242188,
      "fitness": 0.0944028076967425,
      "group_value_alignment_score": 0.6964097706454595,
      "llmcompressor_downgraded_module_count": 0,
      "path": "/Users/aaronyu/Desktop/TA-MPQ/outputs/policies/math500-surrogate-closed-loop-v5-advantage-prior-iter-01/candidate-01.json",
      "prediction_uncertainty": 0.05438104212821858,
      "rank": 1,
      "reference_accuracy": 0.39,
      "reference_advantage_score": -0.20344052880284194
    },
    {
      "bit_counts": {
        "4": 330,
        "8": 167
      },
      "budget_alignment_score": 0.9867893155033028,
      "conservative_prediction": -0.03905356054775062,
      "estimated_average_bit_width": 5.540797012482096,
      "estimated_weight_footprint_gb": 16.527023315429688,
      "fitness": 0.09414637105964858,
      "group_value_alignment_score": 1.0,
      "llmcompressor_downgraded_module_count": 0,
      "path": "/Users/aaronyu/Desktop/TA-MPQ/outputs/policies/math500-surrogate-closed-loop-v5-advantage-prior-iter-01/candidate-02.json",
      "prediction_uncertainty": 0.03777529966600058,
      "rank": 2,
      "reference_accuracy": 0.39,
      "reference_advantage_score": -0.2145267802738753
    },
    {
      "bit_counts": {
        "4": 343,
        "8": 154
      },
      "budget_alignment_score": 0.9996467352740939,
      "conservative_prediction": -0.0131098862083058,
      "estimated_average_bit_width": 5.61299109883364,
      "estimated_weight_footprint_gb": 16.74236297607422,
      "fitness": 0.09227119648234441,
      "group_value_alignment_score": 0.6199492130152634,
      "llmcompressor_downgraded_module_count": 0,
      "path": "/Users/aaronyu/Desktop/TA-MPQ/outputs/policies/math500-surrogate-closed-loop-v5-advantage-prior-iter-01/candidate-03.json",
      "prediction_uncertainty": 0.05191965400963165,
      "rank": 3,
      "reference_accuracy": 0.39,
      "reference_advantage_score": -0.2015549431041529
    },
    {
      "bit_counts": {
        "4": 336,
        "8": 161
      },
      "budget_alignment_score": 0.9995419626772017,
      "conservative_prediction": -0.021598765470046397,
      "estimated_average_bit_width": 5.612402803355842,
      "estimated_weight_footprint_gb": 16.74060821533203,
      "fitness": 0.09134465435946214,
      "group_value_alignment_score": 0.7209498592941896,
      "llmcompressor_downgraded_module_count": 0,
      "path": "/Users/aaronyu/Desktop/TA-MPQ/outputs/policies/math500-surrogate-closed-loop-v5-advantage-prior-iter-01/candidate-04.json",
      "prediction_uncertainty": 0.043184673337872764,
      "rank": 4,
      "reference_accuracy": 0.39,
      "reference_advantage_score": -0.2057993827350232
    },
    {
      "bit_counts": {
        "4": 336,
        "8": 161
      },
      "budget_alignment_score": 0.9994098580985116,
      "conservative_prediction": -0.02247705980993015,
      "estimated_average_bit_width": 5.611661039492531,
      "estimated_weight_footprint_gb": 16.73839569091797,
      "fitness": 0.08880591452669861,
      "group_value_alignment_score": 0.7009851159667958,
      "llmcompressor_downgraded_module_count": 0,
      "path": "/Users/aaronyu/Desktop/TA-MPQ/outputs/policies/math500-surrogate-closed-loop-v5-advantage-prior-iter-01/candidate-05.json",
      "prediction_uncertainty": 0.0468822065265675,
      "rank": 5,
      "reference_accuracy": 0.39,
      "reference_advantage_score": -0.20623852990496508
    },
    {
      "bit_counts": {
        "4": 337,
        "8": 160
      },
      "budget_alignment_score": 0.9999587753996206,
      "conservative_prediction": -0.030174523166734597,
      "estimated_average_bit_width": 5.614743196234909,
      "estimated_weight_footprint_gb": 16.747589111328125,
      "fitness": 0.08717340507632512,
      "group_value_alignment_score": 0.7820212200136767,
      "llmcompressor_downgraded_module_count": 0,
      "path": "/Users/aaronyu/Desktop/TA-MPQ/outputs/policies/math500-surrogate-closed-loop-v5-advantage-prior-iter-01/candidate-06.json",
      "prediction_uncertainty": 0.04309042415256114,
      "rank": 6,
      "reference_accuracy": 0.39,
      "reference_advantage_score": -0.2100872615833673
    },
    {
      "bit_counts": {
        "4": 336,
        "8": 161
      },
      "budget_alignment_score": 0.9994030251030621,
      "conservative_prediction": -0.02250396404293225,
      "estimated_average_bit_width": 5.611622672396153,
      "estimated_weight_footprint_gb": 16.73828125,
      "fitness": 0.08196515464323813,
      "group_value_alignment_score": 0.6158389315062669,
      "llmcompressor_downgraded_module_count": 0,
      "path": "/Users/aaronyu/Desktop/TA-MPQ/outputs/policies/math500-surrogate-closed-loop-v5-advantage-prior-iter-01/candidate-07.json",
      "prediction_uncertainty": 0.04449617807499526,
      "rank": 7,
      "reference_accuracy": 0.39,
      "reference_advantage_score": -0.20625198202146613
    },
    {
      "bit_counts": {
        "4": 332,
        "8": 165
      },
      "budget_alignment_score": 0.999860835798178,
      "conservative_prediction": -0.033894818530820214,
      "estimated_average_bit_width": 5.614193267853489,
      "estimated_weight_footprint_gb": 16.745948791503906,
      "fitness": 0.08176828690921678,
      "group_value_alignment_score": 0.7638490961003996,
      "llmcompressor_downgraded_module_count": 0,
      "path": "/Users/aaronyu/Desktop/TA-MPQ/outputs/policies/math500-surrogate-closed-loop-v5-advantage-prior-iter-01/candidate-08.json",
      "prediction_uncertainty": 0.04446733879187708,
      "rank": 8,
      "reference_accuracy": 0.39,
      "reference_advantage_score": -0.2119474092654101
    }
  ],
  "grouping": "per_block_component",
  "num_exported_candidates": 8,
  "report_path": "/Users/aaronyu/Desktop/TA-MPQ/outputs/feasibility/gsm8k-qwen35-27b-vs-9b-report.json",
  "search_result_path": "/Users/aaronyu/Desktop/TA-MPQ/outputs/search/math500-surrogate-closed-loop-v5-advantage-prior-iter-01.json"
}
