{
  "candidates": [
    {
      "bit_counts": {
        "16": 10,
        "4": 351,
        "8": 136
      },
      "budget_alignment_score": 0.9754055450844519,
      "conservative_prediction": -0.019751581711738717,
      "estimated_average_bit_width": 5.476877429916104,
      "estimated_weight_footprint_gb": 16.33636474609375,
      "fitness": 0.11860999071482443,
      "group_value_alignment_score": 0.7689277965313916,
      "llmcompressor_downgraded_module_count": 0,
      "path": "outputs/policies/math500-surrogate-guided-v10-4-8-16/candidate-01.json",
      "prediction_uncertainty": 0.05295876186776274,
      "rank": 1,
      "reference_accuracy": 0.0,
      "reference_advantage_score": -0.009875790855869359
    },
    {
      "bit_counts": {
        "4": 330,
        "8": 167
      },
      "budget_alignment_score": 0.9867893155033028,
      "conservative_prediction": -0.03905356054775062,
      "estimated_average_bit_width": 5.540797012482096,
      "estimated_weight_footprint_gb": 16.527023315429688,
      "fitness": 0.11754637105964859,
      "group_value_alignment_score": 1.0,
      "llmcompressor_downgraded_module_count": 0,
      "path": "outputs/policies/math500-surrogate-guided-v10-4-8-16/candidate-02.json",
      "prediction_uncertainty": 0.03777529966600058,
      "rank": 2,
      "reference_accuracy": 0.0,
      "reference_advantage_score": -0.01952678027387531
    },
    {
      "bit_counts": {
        "16": 4,
        "4": 355,
        "8": 138
      },
      "budget_alignment_score": 0.986679987576111,
      "conservative_prediction": -0.02133948978773143,
      "estimated_average_bit_width": 5.540183138940045,
      "estimated_weight_footprint_gb": 16.525192260742188,
      "fitness": 0.11556026408724326,
      "group_value_alignment_score": 0.7405715532018713,
      "llmcompressor_downgraded_module_count": 0,
      "path": "outputs/policies/math500-surrogate-guided-v10-4-8-16/candidate-03.json",
      "prediction_uncertainty": 0.04036147687441914,
      "rank": 3,
      "reference_accuracy": 0.0,
      "reference_advantage_score": -0.010669744893865714
    },
    {
      "bit_counts": {
        "4": 329,
        "8": 168
      },
      "budget_alignment_score": 0.999444023075759,
      "conservative_prediction": -0.029369961635079305,
      "estimated_average_bit_width": 5.611852874974422,
      "estimated_weight_footprint_gb": 16.738967895507812,
      "fitness": 0.11404752902377713,
      "group_value_alignment_score": 0.8153020813862561,
      "llmcompressor_downgraded_module_count": 0,
      "path": "outputs/policies/math500-surrogate-guided-v10-4-8-16/candidate-04.json",
      "prediction_uncertainty": 0.0469252967290458,
      "rank": 4,
      "reference_accuracy": 0.0,
      "reference_advantage_score": -0.014684980817539653
    },
    {
      "bit_counts": {
        "4": 332,
        "8": 165
      },
      "budget_alignment_score": 0.9992845865152709,
      "conservative_prediction": -0.02634999229109315,
      "estimated_average_bit_width": 5.610957642725599,
      "estimated_weight_footprint_gb": 16.736297607421875,
      "fitness": 0.11367868687931679,
      "group_value_alignment_score": 0.7708363973331731,
      "llmcompressor_downgraded_module_count": 0,
      "path": "outputs/policies/math500-surrogate-guided-v10-4-8-16/candidate-05.json",
      "prediction_uncertainty": 0.04321013107126903,
      "rank": 5,
      "reference_accuracy": 0.0,
      "reference_advantage_score": -0.013174996145546574
    },
    {
      "bit_counts": {
        "4": 336,
        "8": 161
      },
      "budget_alignment_score": 0.9998335038163799,
      "conservative_prediction": -0.0233940199201646,
      "estimated_average_bit_width": 5.614039799467976,
      "estimated_weight_footprint_gb": 16.74549102783203,
      "fitness": 0.11105518778115049,
      "group_value_alignment_score": 0.6983271073901822,
      "llmcompressor_downgraded_module_count": 0,
      "path": "outputs/policies/math500-surrogate-guided-v10-4-8-16/candidate-06.json",
      "prediction_uncertainty": 0.03728139722204669,
      "rank": 6,
      "reference_accuracy": 0.0,
      "reference_advantage_score": -0.0116970099600823
    },
    {
      "bit_counts": {
        "4": 334,
        "8": 163
      },
      "budget_alignment_score": 0.9998335038163799,
      "conservative_prediction": -0.02345346120065033,
      "estimated_average_bit_width": 5.614039799467976,
      "estimated_weight_footprint_gb": 16.74549102783203,
      "fitness": 0.10935702937974222,
      "group_value_alignment_score": 0.6778877243390145,
      "llmcompressor_downgraded_module_count": 0,
      "path": "outputs/policies/math500-surrogate-guided-v10-4-8-16/candidate-07.json",
      "prediction_uncertainty": 0.045370093961643286,
      "rank": 7,
      "reference_accuracy": 0.0,
      "reference_advantage_score": -0.011726730600325166
    },
    {
      "bit_counts": {
        "4": 333,
        "8": 164
      },
      "budget_alignment_score": 0.9979521524026203,
      "conservative_prediction": -0.027437510554960784,
      "estimated_average_bit_width": 5.60347605893186,
      "estimated_weight_footprint_gb": 16.71398162841797,
      "fitness": 0.10741779580937127,
      "group_value_alignment_score": 0.708317310067751,
      "llmcompressor_downgraded_module_count": 0,
      "path": "outputs/policies/math500-surrogate-guided-v10-4-8-16/candidate-08.json",
      "prediction_uncertainty": 0.0496354083272932,
      "rank": 8,
      "reference_accuracy": 0.0,
      "reference_advantage_score": -0.013718755277480392
    }
  ],
  "grouping": "per_block_component",
  "num_exported_candidates": 8,
  "report_path": "/Users/aaronyu/Desktop/TA-MPQ/outputs/feasibility/gsm8k-qwen35-27b-vs-9b-report.json",
  "search_result_path": "/Users/aaronyu/Desktop/TA-MPQ/outputs/search/math500-surrogate-guided-v10-4-8-16.json"
}
