{
  "candidates": [
    {
      "bit_counts": {
        "16": 76,
        "4": 171,
        "8": 250
      },
      "budget_alignment_score": 0.9993029977491303,
      "conservative_prediction": 0.001024055621456587,
      "estimated_average_bit_width": 7.994423981993043,
      "estimated_weight_footprint_gb": 23.845672607421875,
      "fitness": 0.13440331244833345,
      "group_value_alignment_score": 0.6664016291546455,
      "llmcompressor_downgraded_module_count": 0,
      "path": "outputs/policies/math500-uniform8-route-v5-paper-signals/candidate-01.json",
      "prediction_uncertainty": 0.02858462243242199,
      "rank": 1,
      "reference_accuracy": 0.0,
      "reference_advantage_score": 0.001024055621456587
    },
    {
      "bit_counts": {
        "16": 74,
        "4": 163,
        "8": 260
      },
      "budget_alignment_score": 0.9968714830161653,
      "conservative_prediction": 0.002261062023026346,
      "estimated_average_bit_width": 7.974971864129323,
      "estimated_weight_footprint_gb": 23.78765106201172,
      "fitness": 0.13399757563583728,
      "group_value_alignment_score": 0.6464433441094317,
      "llmcompressor_downgraded_module_count": 0,
      "path": "outputs/policies/math500-uniform8-route-v5-paper-signals/candidate-02.json",
      "prediction_uncertainty": 0.02699208920703229,
      "rank": 2,
      "reference_accuracy": 0.0,
      "reference_advantage_score": 0.002261062023026346
    },
    {
      "bit_counts": {
        "16": 76,
        "4": 168,
        "8": 253
      },
      "budget_alignment_score": 0.9999648301616534,
      "conservative_prediction": 0.001105620934871123,
      "estimated_average_bit_width": 7.999718641293227,
      "estimated_weight_footprint_gb": 23.861465454101562,
      "fitness": 0.1337400728757678,
      "group_value_alignment_score": 0.6563073876972485,
      "llmcompressor_downgraded_module_count": 0,
      "path": "outputs/policies/math500-uniform8-route-v5-paper-signals/candidate-03.json",
      "prediction_uncertainty": 0.02873289127041285,
      "rank": 3,
      "reference_accuracy": 0.0,
      "reference_advantage_score": 0.001105620934871123
    },
    {
      "bit_counts": {
        "16": 87,
        "4": 167,
        "8": 243
      },
      "budget_alignment_score": 0.9992966032330673,
      "conservative_prediction": 0.0010493055393045701,
      "estimated_average_bit_width": 7.994372825864539,
      "estimated_weight_footprint_gb": 23.84552001953125,
      "fitness": 0.13307747429522776,
      "group_value_alignment_score": 0.6494815479070161,
      "llmcompressor_downgraded_module_count": 0,
      "path": "outputs/policies/math500-uniform8-route-v5-paper-signals/candidate-04.json",
      "prediction_uncertainty": 0.028808041932709215,
      "rank": 4,
      "reference_accuracy": 0.0,
      "reference_advantage_score": 0.0010493055393045701
    },
    {
      "bit_counts": {
        "16": 84,
        "4": 173,
        "8": 240
      },
      "budget_alignment_score": 0.9974453908328218,
      "conservative_prediction": 0.000336317730289068,
      "estimated_average_bit_width": 7.979563126662574,
      "estimated_weight_footprint_gb": 23.801345825195312,
      "fitness": 0.13270922442182972,
      "group_value_alignment_score": 0.656711466216003,
      "llmcompressor_downgraded_module_count": 0,
      "path": "outputs/policies/math500-uniform8-route-v5-paper-signals/candidate-05.json",
      "prediction_uncertainty": 0.028247474664870053,
      "rank": 5,
      "reference_accuracy": 0.0,
      "reference_advantage_score": 0.000336317730289068
    }
  ],
  "grouping": "per_block_component",
  "num_exported_candidates": 5,
  "report_path": "/Users/aaronyu/Desktop/TA-MPQ/outputs/feasibility/math500-qwen35-27b-vs-9b-math500-uniform8-route-v3-ablation16-candidate-01-llmcompressor-source-report.json",
  "search_result_path": "/Users/aaronyu/Desktop/TA-MPQ/outputs/search/math500-uniform8-route-search-v5-paper-signals.json"
}
