{
  "candidates": [
    {
      "bit_counts": {
        "16": 83,
        "4": 180,
        "8": 234
      },
      "budget_alignment_score": 0.9988298035604666,
      "conservative_prediction": 0.02162616269636731,
      "estimated_average_bit_width": 7.990638428483733,
      "estimated_weight_footprint_gb": 23.834381103515625,
      "fitness": 0.16532088787443044,
      "group_value_alignment_score": 0.7649150171207716,
      "llmcompressor_downgraded_module_count": 0,
      "path": "outputs/policies/math500-uniform8-route-v3-ablation16/candidate-01.json",
      "prediction_uncertainty": 0.020780471035785713,
      "rank": 1,
      "reference_accuracy": 0.0,
      "reference_advantage_score": 0.02162616269636731
    },
    {
      "bit_counts": {
        "16": 83,
        "4": 179,
        "8": 235
      },
      "budget_alignment_score": 0.998801028238183,
      "conservative_prediction": 0.021197714416356317,
      "estimated_average_bit_width": 7.990408225905464,
      "estimated_weight_footprint_gb": 23.833694458007812,
      "fitness": 0.1624240575893123,
      "group_value_alignment_score": 0.7347316897992324,
      "llmcompressor_downgraded_module_count": 0,
      "path": "outputs/policies/math500-uniform8-route-v3-ablation16/candidate-02.json",
      "prediction_uncertainty": 0.021169061952391866,
      "rank": 2,
      "reference_accuracy": 0.0,
      "reference_advantage_score": 0.021197714416356317
    },
    {
      "bit_counts": {
        "16": 75,
        "4": 183,
        "8": 239
      },
      "budget_alignment_score": 0.9952888402905669,
      "conservative_prediction": 0.018930612763228827,
      "estimated_average_bit_width": 7.962310722324535,
      "estimated_weight_footprint_gb": 23.74988555908203,
      "fitness": 0.1594253512814423,
      "group_value_alignment_score": 0.7324994720422582,
      "llmcompressor_downgraded_module_count": 0,
      "path": "outputs/policies/math500-uniform8-route-v3-ablation16/candidate-03.json",
      "prediction_uncertainty": 0.022606150798382903,
      "rank": 3,
      "reference_accuracy": 0.0,
      "reference_advantage_score": 0.018930612763228827
    },
    {
      "bit_counts": {
        "16": 81,
        "4": 180,
        "8": 236
      },
      "budget_alignment_score": 0.9989656870268058,
      "conservative_prediction": 0.020440821189931905,
      "estimated_average_bit_width": 7.991725496214446,
      "estimated_weight_footprint_gb": 23.837623596191406,
      "fitness": 0.15878325705661553,
      "group_value_alignment_score": 0.6996535295218415,
      "llmcompressor_downgraded_module_count": 0,
      "path": "outputs/policies/math500-uniform8-route-v3-ablation16/candidate-04.json",
      "prediction_uncertainty": 0.020807903979689797,
      "rank": 4,
      "reference_accuracy": 0.0,
      "reference_advantage_score": 0.020440821189931905
    },
    {
      "bit_counts": {
        "16": 74,
        "4": 176,
        "8": 247
      },
      "budget_alignment_score": 0.9970521280949458,
      "conservative_prediction": 0.006559283382593581,
      "estimated_average_bit_width": 7.9764170247595665,
      "estimated_weight_footprint_gb": 23.791961669921875,
      "fitness": 0.14559934559652532,
      "group_value_alignment_score": 0.731109724505311,
      "llmcompressor_downgraded_module_count": 0,
      "path": "outputs/policies/math500-uniform8-route-v3-ablation16/candidate-05.json",
      "prediction_uncertainty": 0.02884868297196788,
      "rank": 5,
      "reference_accuracy": 0.0,
      "reference_advantage_score": 0.006559283382593581
    }
  ],
  "grouping": "per_block_component",
  "num_exported_candidates": 5,
  "report_path": "/Users/aaronyu/Desktop/TA-MPQ/outputs/feasibility/gsm8k-qwen35-27b-vs-9b-report.json",
  "search_result_path": "/Users/aaronyu/Desktop/TA-MPQ/outputs/search/math500-uniform8-route-search-v3-ablation16.json"
}
